{
    "$schema": "https://schema.management.azure.com/schemas/2015-01-01/deploymentParameters.json#",
    "contentVersion": "1.0.0.0",
    "parameters": {
        "subscriptionId": {
            "value": "1688f6c5-a6d2-4875-8668-9b418ed631a1"
        },
        "name": {
            "value": "wp-001"
        },
        "location": {
            "value": "West Europe"
        },
        "hostingPlanName": {
            "value": "ASP-rgteam1maycasewe-b15a"
        },
        "serverFarmResourceGroup": {
            "value": "rg-team-1-may-case-we"
        },
        "sku": {
            "value": "PremiumV2"
        },
        "skuCode": {
            "value": "P1v2"
        },
        "workerSize": {
            "value": "3"
        },
        "workerSizeId": {
            "value": "3"
        },
        "numberOfWorkers": {
            "value": "1"
        },
        "kind": {
            "value": "linux"
        },
        "reserved": {
            "value": true
        },
        "alwaysOn": {
            "value": true
        },
        "linuxFxVersion": {
            "value": "DOCKER|mcr.microsoft.com/appsvc/wordpress-alpine-php:latest"
        },
        "dockerRegistryUrl": {
            "value": "https://mcr.microsoft.com"
        },
        "storageSizeGB": {
            "value": 128
        },
        "storageIops": {
            "value": 700
        },
        "storageAutoGrow": {
            "value": "Enabled"
        },
        "backupRetentionDays": {
            "value": 7
        },
        "geoRedundantBackup": {
            "value": "Disabled"
        },
        "charset": {
            "value": "utf8"
        },
        "collation": {
            "value": "utf8_general_ci"
        },
        "vmName": {
            "value": "Standard_D2ds_v4"
        },
        "serverEdition": {
            "value": "GeneralPurpose"
        },
        "vCores": {
            "value": 2
        },
        "serverName": {
            "value": "wp001-6a20ed29e80d4437a052c08284d4e96d-dbserver"
        },
        "serverUsername": {
            "value": "blqpaxezaq"
        },
        "serverPassword": {
            "value": null
        },
        "databaseName": {
            "value": "wp001_6a20ed29e80d4437a052c08284d4e96d_database"
        },
        "publicNetworkAccess": {
            "value": "Disabled"
        },
        "wordpressTitle": {
            "value": "WordPress On Azure"
        },
        "wordpressAdminEmail": {
            "value": "francisco.alcaraz@nordcloud.com"
        },
        "wordpressUsername": {
            "value": "azureuser"
        },
        "wordpressPassword": {
            "value": null
        },
        "wpLocaleCode": {
            "value": "en_US"
        },
        "vnetName": {
            "value": "wp001-86acf5f5ab-vnet"
        },
        "subnetForApp": {
            "value": "wp001-86acf5f5ab-appsubnet"
        },
        "subnetForDb": {
            "value": "wp001-86acf5f5ab-dbsubnet"
        },
        "privateDnsZoneNameForDb": {
            "value": "wp001-86acf5f5ab-privatelink.mysql.database.azure.com"
        }
    }
}